"Address","Occurrences","H1-1","H1-1 Length","Indexability","Indexability Status"
"https://beswib.com/en/faq","1","Everything you need to know about Beswib","40","Indexable",""
"https://beswib.com/en/legals/privacy-policy","1","Privacy Policy of Beswib","24","Indexable",""
"https://beswib.com/en/legals/terms","1","Terms of Service","16","Indexable",""
"https://beswib.com/en/legals/legal-notice","1","Legal Notice","12","Indexable",""
"https://beswib.com/en/events","1","Browse Events","13","Indexable",""
"https://beswib.com/en/legals/data-deletion","1","Data Deletion Request","21","Indexable",""
"https://beswib.com/en/marketplace","1","Marketplace","11","Indexable",""
"https://beswib.com/en/contact","1","Let's talk together!","20","Indexable",""
"https://beswib.com/en/events/wkwz84ohf27ariu","1","La Marmotte Granfondo 2026","26","Indexable",""
"https://beswib.com/en/events/vw36h00n8n6zk7s","1","Ultra Trail des Alpes 2026","26","Indexable",""
"https://beswib.com/en/marketplace/81xcw85cv687o90","1","La Marmotte Granfondo 2026","26","Indexable",""
"https://beswib.com/en/marketplace/5vm8708u44dfi74","1","Ultra Trail des Alpes 2026","26","Indexable",""
"https://beswib.com/en/events/1pg7681oa6hoy25","1","Marathon International de Lyon 2026","35","Indexable",""
"https://beswib.com/en/marketplace/lx6f29z7ceq5c42","1","Trail des Templiers 2026","24","Indexable",""
"https://beswib.com/en/marketplace/r42069y3n9m6q2y","1","Marathon International de Lyon 2026","35","Indexable",""
"https://beswib.com/en/events/cezxm647325s155","1","Trail des Templiers 2026","24","Indexable",""
"https://beswib.com/pt/marketplace","1","Marketplace","11","Indexable",""
"https://beswib.com/pt/legals/terms","1","Termos de Serviço","17","Indexable",""
"https://beswib.com/pt/faq","1","Tudo o que precisa saber sobre Beswib","37","Indexable",""
"https://beswib.com/pt/legals/privacy-policy","1","Política de Privacidade da Beswib","33","Indexable",""
"https://beswib.com/pt/legals/legal-notice","1","Aviso Legal","11","Indexable",""
"https://beswib.com/pt/contact","1","Vamos conversar!","16","Indexable",""
"https://beswib.com/pt/events","1","Navegar Eventos","15","Indexable",""
"https://beswib.com/pt/legals/data-deletion","1","Pedido de eliminação de dados","29","Indexable",""
"https://beswib.com/de/legals/data-deletion","1","Antrag auf Datenlöschung","24","Indexable",""
"https://beswib.com/de/legals/legal-notice","1","Impressum","9","Indexable",""
"https://beswib.com/de/contact","1","Lass uns sprechen!","18","Indexable",""
"https://beswib.com/de/marketplace","1","Marktplatz","10","Indexable",""
"https://beswib.com/de/legals/terms","1","Nutzungsbedingungen","19","Indexable",""
"https://beswib.com/de/events","1","Veranstaltungen durchsuchen","27","Indexable",""
"https://beswib.com/de/faq","1","Alles was Sie über Beswib wissen müssen","39","Indexable",""
"https://beswib.com/de/legals/privacy-policy","1","Datenschutzerklärung von Beswib","31","Indexable",""
"https://beswib.com/es/legals/legal-notice","1","Aviso Legal","11","Indexable",""
"https://beswib.com/es/marketplace","1","Mercado","7","Indexable",""
"https://beswib.com/es/legals/privacy-policy","1","Política de privacidad de Beswib","32","Indexable",""
"https://beswib.com/es/legals/terms","1","Términos del Servicio","21","Indexable",""
"https://beswib.com/es/legals/data-deletion","1","Solicitud de eliminación de datos","33","Indexable",""
"https://beswib.com/es/faq","1","Todo lo que necesitas saber sobre Beswib","40","Indexable",""
"https://beswib.com/es/events","1","Explorar Eventos","16","Indexable",""
"https://beswib.com/es/contact","1","¡Hablemos!","10","Indexable",""
"https://beswib.com/it/faq","1","Tutto quello che devi sapere su Beswib","38","Indexable",""
"https://beswib.com/it/legals/privacy-policy","1","Informativa sulla privacy di Beswib","35","Indexable",""
"https://beswib.com/it/legals/legal-notice","1","Note Legali","11","Indexable",""
"https://beswib.com/it/marketplace","1","Mercato","7","Indexable",""
"https://beswib.com/it/legals/terms","1","Termini di Servizio","19","Indexable",""
"https://beswib.com/it/legals/data-deletion","1","Richiesta di cancellazione dati","31","Indexable",""
"https://beswib.com/it/contact","1","Parliamone insieme!","19","Indexable",""
"https://beswib.com/it/events","1","Sfoglia Eventi","14","Indexable",""
"https://beswib.com/fr/events","1","Parcourir les événements","24","Indexable",""
"https://beswib.com/fr/contact","1","Discutons ensemble !","20","Indexable",""
"https://beswib.com/fr/faq","1","Tout ce que vous devez savoir sur Beswib","40","Indexable",""
"https://beswib.com/fr/legals/terms","1","Conditions d’utilisation","24","Indexable",""
"https://beswib.com/fr/legals/privacy-policy","1","Politique de confidentialité de Beswib","38","Indexable",""
"https://beswib.com/fr/marketplace","1","Marché","6","Indexable",""
"https://beswib.com/fr/legals/legal-notice","1","Mentions légales","16","Indexable",""
"https://beswib.com/fr/legals/data-deletion","1","Demande de suppression des données","34","Indexable",""
"https://beswib.com/nl/contact","1","Laten we praten!","16","Indexable",""
"https://beswib.com/nl/legals/privacy-policy","1","Privacy Policy of Beswib","24","Indexable",""
"https://beswib.com/nl/legals/data-deletion","1","Verzoek tot gegevensverwijdering","32","Indexable",""
"https://beswib.com/nl/legals/legal-notice","1","Juridische Kennisgeving","23","Indexable",""
"https://beswib.com/nl/faq","1","Alles wat je moet weten over Beswib","35","Indexable",""
"https://beswib.com/nl/legals/terms","1","Servicevoorwaarden","18","Indexable",""
"https://beswib.com/nl/marketplace","1","Marktplaats","11","Indexable",""
"https://beswib.com/nl/events","1","Evenementen doorbladeren","24","Indexable",""
"https://beswib.com/ro/events","1","Răsfoiește evenimentele","23","Indexable",""
"https://beswib.com/ro/contact","1","Hai să discutăm!","16","Indexable",""
"https://beswib.com/ro/legals/terms","1","Termeni de utilizare","20","Indexable",""
"https://beswib.com/ro/marketplace","1","Piață","5","Indexable",""
"https://beswib.com/ro/legals/privacy-policy","1","Politica de confidențialitate Beswib","36","Indexable",""
"https://beswib.com/ro/faq","1","Tot ce trebuie să știi despre Beswib","36","Indexable",""
"https://beswib.com/ro/legals/legal-notice","1","Notă Legală","11","Indexable",""
"https://beswib.com/ro/legals/data-deletion","1","Cerere de ștergere a datelor","28","Indexable",""
"https://beswib.com/ko/legals/terms","1","서비스 약관","6","Indexable",""
"https://beswib.com/ko/legals/data-deletion","1","데이터 삭제 요청","9","Indexable",""
"https://beswib.com/ko/faq","1","Beswib에 대해 알아야 할 모든 것","21","Indexable",""
"https://beswib.com/ko/legals/privacy-policy","1","Beswib 개인정보 처리방침","16","Indexable",""
"https://beswib.com/ko/contact","1","함께 이야기해요!","9","Indexable",""
"https://beswib.com/ko/legals/legal-notice","1","법적 고지","5","Indexable",""
"https://beswib.com/ko/events","1","이벤트 둘러보기","8","Indexable",""
"https://beswib.com/ko/marketplace","1","마켓플레이스","6","Indexable",""
"https://beswib.com/ko/marketplace/5vm8708u44dfi74","1","Ultra Trail des Alpes 2026","26","Indexable",""
"https://beswib.com/ko/marketplace/lx6f29z7ceq5c42","1","Trail des Templiers 2026","24","Indexable",""
"https://beswib.com/ko/events/vw36h00n8n6zk7s","1","Ultra Trail des Alpes 2026","26","Indexable",""
"https://beswib.com/ko/events/cezxm647325s155","1","Trail des Templiers 2026","24","Indexable",""
"https://beswib.com/ko/marketplace/81xcw85cv687o90","1","La Marmotte Granfondo 2026","26","Indexable",""
"https://beswib.com/ko/events/1pg7681oa6hoy25","1","Marathon International de Lyon 2026","35","Indexable",""
"https://beswib.com/ko/marketplace/r42069y3n9m6q2y","1","Marathon International de Lyon 2026","35","Indexable",""
"https://beswib.com/ko/events/wkwz84ohf27ariu","1","La Marmotte Granfondo 2026","26","Indexable",""
"https://beswib.com/ro/marketplace/5vm8708u44dfi74","1","Ultra Trail des Alpes 2026","26","Indexable",""
"https://beswib.com/ro/events/vw36h00n8n6zk7s","1","Ultra Trail des Alpes 2026","26","Indexable",""
"https://beswib.com/ro/events/wkwz84ohf27ariu","1","La Marmotte Granfondo 2026","26","Indexable",""
"https://beswib.com/ro/marketplace/81xcw85cv687o90","1","La Marmotte Granfondo 2026","26","Indexable",""
"https://beswib.com/ro/events/1pg7681oa6hoy25","1","Marathon International de Lyon 2026","35","Indexable",""
"https://beswib.com/ro/events/cezxm647325s155","1","Trail des Templiers 2026","24","Indexable",""
"https://beswib.com/ro/marketplace/lx6f29z7ceq5c42","1","Trail des Templiers 2026","24","Indexable",""
"https://beswib.com/ro/marketplace/r42069y3n9m6q2y","1","Marathon International de Lyon 2026","35","Indexable",""
"https://beswib.com/nl/events/cezxm647325s155","1","Trail des Templiers 2026","24","Indexable",""
"https://beswib.com/nl/events/wkwz84ohf27ariu","1","La Marmotte Granfondo 2026","26","Indexable",""
"https://beswib.com/nl/events/1pg7681oa6hoy25","1","Marathon International de Lyon 2026","35","Indexable",""
"https://beswib.com/nl/marketplace/5vm8708u44dfi74","1","Ultra Trail des Alpes 2026","26","Indexable",""
"https://beswib.com/nl/events/vw36h00n8n6zk7s","1","Ultra Trail des Alpes 2026","26","Indexable",""
"https://beswib.com/nl/marketplace/r42069y3n9m6q2y","1","Marathon International de Lyon 2026","35","Indexable",""
"https://beswib.com/nl/marketplace/81xcw85cv687o90","1","La Marmotte Granfondo 2026","26","Indexable",""
"https://beswib.com/nl/marketplace/lx6f29z7ceq5c42","1","Trail des Templiers 2026","24","Indexable",""
"https://beswib.com/fr/marketplace/lx6f29z7ceq5c42","1","Trail des Templiers 2026","24","Indexable",""
"https://beswib.com/fr/events/1pg7681oa6hoy25","1","Marathon International de Lyon 2026","35","Indexable",""
"https://beswib.com/fr/events/wkwz84ohf27ariu","1","La Marmotte Granfondo 2026","26","Indexable",""
"https://beswib.com/fr/marketplace/r42069y3n9m6q2y","1","Marathon International de Lyon 2026","35","Indexable",""
"https://beswib.com/fr/events/cezxm647325s155","1","Trail des Templiers 2026","24","Indexable",""
"https://beswib.com/fr/marketplace/5vm8708u44dfi74","1","Ultra Trail des Alpes 2026","26","Indexable",""
"https://beswib.com/fr/events/vw36h00n8n6zk7s","1","Ultra Trail des Alpes 2026","26","Indexable",""
"https://beswib.com/fr/marketplace/81xcw85cv687o90","1","La Marmotte Granfondo 2026","26","Indexable",""
"https://beswib.com/it/events/cezxm647325s155","1","Trail des Templiers 2026","24","Indexable",""
"https://beswib.com/it/marketplace/81xcw85cv687o90","1","La Marmotte Granfondo 2026","26","Indexable",""
"https://beswib.com/it/events/wkwz84ohf27ariu","1","La Marmotte Granfondo 2026","26","Indexable",""
"https://beswib.com/it/marketplace/r42069y3n9m6q2y","1","Marathon International de Lyon 2026","35","Indexable",""
"https://beswib.com/it/marketplace/5vm8708u44dfi74","1","Ultra Trail des Alpes 2026","26","Indexable",""
"https://beswib.com/it/marketplace/lx6f29z7ceq5c42","1","Trail des Templiers 2026","24","Indexable",""
"https://beswib.com/it/events/1pg7681oa6hoy25","1","Marathon International de Lyon 2026","35","Indexable",""
"https://beswib.com/it/events/vw36h00n8n6zk7s","1","Ultra Trail des Alpes 2026","26","Indexable",""
"https://beswib.com/es/marketplace/r42069y3n9m6q2y","1","Marathon International de Lyon 2026","35","Indexable",""
"https://beswib.com/es/events/cezxm647325s155","1","Trail des Templiers 2026","24","Indexable",""
"https://beswib.com/es/marketplace/81xcw85cv687o90","1","La Marmotte Granfondo 2026","26","Indexable",""
"https://beswib.com/es/marketplace/5vm8708u44dfi74","1","Ultra Trail des Alpes 2026","26","Indexable",""
"https://beswib.com/es/marketplace/lx6f29z7ceq5c42","1","Trail des Templiers 2026","24","Indexable",""
"https://beswib.com/es/events/wkwz84ohf27ariu","1","La Marmotte Granfondo 2026","26","Indexable",""
"https://beswib.com/es/events/1pg7681oa6hoy25","1","Marathon International de Lyon 2026","35","Indexable",""
"https://beswib.com/es/events/vw36h00n8n6zk7s","1","Ultra Trail des Alpes 2026","26","Indexable",""
"https://beswib.com/de/marketplace/81xcw85cv687o90","1","La Marmotte Granfondo 2026","26","Indexable",""
"https://beswib.com/de/marketplace/r42069y3n9m6q2y","1","Marathon International de Lyon 2026","35","Indexable",""
"https://beswib.com/de/marketplace/5vm8708u44dfi74","1","Ultra Trail des Alpes 2026","26","Indexable",""
"https://beswib.com/de/events/cezxm647325s155","1","Trail des Templiers 2026","24","Indexable",""
"https://beswib.com/de/events/vw36h00n8n6zk7s","1","Ultra Trail des Alpes 2026","26","Indexable",""
"https://beswib.com/de/events/wkwz84ohf27ariu","1","La Marmotte Granfondo 2026","26","Indexable",""
"https://beswib.com/de/events/1pg7681oa6hoy25","1","Marathon International de Lyon 2026","35","Indexable",""
"https://beswib.com/de/marketplace/lx6f29z7ceq5c42","1","Trail des Templiers 2026","24","Indexable",""
"https://beswib.com/pt/events/vw36h00n8n6zk7s","1","Ultra Trail des Alpes 2026","26","Indexable",""
"https://beswib.com/pt/marketplace/5vm8708u44dfi74","1","Ultra Trail des Alpes 2026","26","Indexable",""
"https://beswib.com/pt/events/1pg7681oa6hoy25","1","Marathon International de Lyon 2026","35","Indexable",""
"https://beswib.com/pt/events/wkwz84ohf27ariu","1","La Marmotte Granfondo 2026","26","Indexable",""
"https://beswib.com/pt/events/cezxm647325s155","1","Trail des Templiers 2026","24","Indexable",""
"https://beswib.com/pt/marketplace/r42069y3n9m6q2y","1","Marathon International de Lyon 2026","35","Indexable",""
"https://beswib.com/pt/marketplace/81xcw85cv687o90","1","La Marmotte Granfondo 2026","26","Indexable",""
"https://beswib.com/pt/marketplace/lx6f29z7ceq5c42","1","Trail des Templiers 2026","24","Indexable",""
